Timestamp,Agent,Score
2020-05-15 22:48:04,agent212,10
2019-07-31 11:31:56,agent076,8
2020-01-27 10:17:20,agent298,9
2020-06-01 11:02:11,agent181,7
2019-09-07 16:01:11,agent076,10
2019-06-08 22:32:52,agent072,8
2019-12-25 14:55:26,agent181,10
2020-06-03 17:20:12,agent155,8
2020-01-06 11:16:27,agent192,9
2019-10-18 23:28:50,agent031,10
2019-06-02 11:09:12,agent155,7
2019-05-20 06:49:22,agent298,7
2019-04-08 05:22:50,agent121,8
2019-04-05 07:49:46,agent212,8
2020-04-11 15:27:13,agent122,8
2020-01-02 09:02:05,agent045,8
2020-07-11 11:32:49,agent212,8
2019-04-26 15:43:53,agent181,7
2020-07-13 00:15:15,agent122,8
2019-08-12 02:44:39,agent152,10
2019-06-28 02:32:38,agent119,10
2020-01-20 03:57:42,agent142,9
2020-01-19 22:21:49,agent026,7
2020-03-14 03:48:26,agent031,10
2019-12-03 05:14:41,agent043,10
2019-03-21 12:39:29,agent152,10
2020-06-30 02:47:45,agent094,8
2019-08-03 07:37:36,agent105,10
2020-01-05 21:07:11,agent152,8
2019-03-31 06:36:48,agent020,10
2019-05-22 17:29:45,agent117,10
2020-05-06 22:39:52,agent290,10
2020-07-15 13:40:03,agent298,8
2019-03-06 05:57:56,agent121,8
2019-12-31 23:53:39,agent181,9
2020-07-30 02:13:05,agent117,9
2020-05-07 16:30:51,agent152,8
2020-01-05 13:13:53,agent219,7
2020-06-15 17:58:27,agent210,10
2019-03-16 05:27:53,agent045,8
2019-07-23 01:48:15,agent119,7
2020-01-10 07:58:14,agent192,8
2019-03-13 19:28:17,agent212,7
2020-03-16 01:38:56,agent097,7
2019-09-12 18:30:32,agent077,7
2020-06-08 19:46:12,agent020,10
2019-03-07 04:05:54,agent290,9
2019-05-24 20:24:38,agent212,7
2019-09-13 11:30:25,agent122,7
2019-05-22 05:46:14,agent119,10
2019-04-02 06:13:05,agent117,9
2019-04-15 13:58:56,agent045,9
2019-04-21 19:13:07,agent298,9
2019-05-02 22:07:48,agent077,7
2020-04-29 10:01:56,agent122,9
2019-11-12 07:21:11,agent092,9
2019-06-02 13:43:50,agent192,9
2020-03-11 23:28:36,agent020,7
2019-03-14 11:21:43,agent208,8
2019-02-05 09:23:22,agent045,8
2019-06-08 04:37:10,agent026,9
2019-06-14 21:42:52,agent076,9
2020-07-20 00:09:24,agent072,7
2019-10-02 06:38:32,agent022,10
2020-05-10 09:05:49,agent122,7
2019-12-02 07:28:01,agent017,8
2019-03-28 20:33:26,agent097,9
2019-01-05 18:44:35,agent208,7
2020-04-01 01:13:43,agent155,9
2019-08-27 20:47:54,agent117,10
2020-01-19 07:28:14,agent072,9
2019-07-19 09:46:57,agent152,10
2019-04-04 00:56:56,agent017,10
2019-08-29 03:21:06,agent188,7
2019-01-19 16:03:08,agent142,7
2020-06-27 16:03:45,agent210,7
2020-07-10 07:56:45,agent260,9
2020-02-04 01:23:39,agent228,8
2019-03-28 18:54:29,agent210,8
2019-12-01 14:02:32,agent022,10
2019-04-27 09:27:29,agent121,9
2019-10-12 02:06:54,agent298,8
2020-04-05 01:15:48,agent022,10
2020-02-09 16:43:56,agent026,10
2019-01-05 01:01:05,agent122,10
2019-05-19 00:37:06,agent228,9
2020-04-06 18:32:12,agent181,7
2019-12-11 18:49:58,agent045,7
2019-09-16 07:02:46,agent219,8
2020-07-17 17:49:17,agent121,7
2019-02-09 03:13:03,agent092,8
2019-08-12 12:35:09,agent105,7
2019-01-24 21:30:19,agent260,10
2019-05-28 12:14:07,agent228,7
2019-02-15 16:25:38,agent200,9
2019-05-22 21:28:50,agent142,8
2019-01-02 09:13:29,agent117,10
2020-05-12 19:50:57,agent132,9
2020-04-05 04:20:10,agent290,9
2019-02-17 10:04:53,agent022,9
2019-08-19 21:03:48,agent121,9
2020-01-26 16:52:35,agent121,8
2019-04-12 10:46:03,agent290,8
2019-09-04 01:48:43,agent117,10
2020-07-29 15:22:20,agent121,9
2019-12-24 14:13:09,agent208,9
2020-05-06 15:13:56,agent155,10
2020-01-24 06:52:35,agent075,7
2020-04-04 18:17:19,agent121,7
2020-08-04 10:57:18,agent105,10
2020-02-25 12:15:22,agent101,8
2019-10-18 02:13:17,agent228,8
2019-07-26 20:41:30,agent188,8
2020-04-26 20:24:17,agent152,8
2020-03-26 15:06:31,agent148,9
2020-06-20 20:49:35,agent132,8
2019-03-03 16:08:21,agent155,9
2019-09-29 23:21:26,agent072,10
2019-10-30 18:14:09,agent192,9
2020-04-02 21:49:06,agent228,10
2019-04-09 01:18:15,agent181,10
2019-08-14 02:57:21,agent207,7
2019-07-19 04:25:50,agent119,7
2020-06-03 13:38:23,agent121,8
2019-04-07 19:30:07,agent208,10
2019-04-07 07:21:37,agent152,7
2019-12-09 17:46:48,agent101,8
2019-03-05 05:30:46,agent142,9
2020-04-03 23:55:14,agent117,7
2019-06-30 07:42:42,agent020,8
2020-02-21 17:23:29,agent045,9
2020-03-26 23:13:46,agent207,7
2020-01-22 11:51:32,agent077,10
2019-06-21 19:53:24,agent072,7
2019-04-27 03:04:10,agent105,8
2019-09-30 09:46:54,agent045,8
2019-10-25 10:27:05,agent045,9
2019-01-09 00:42:55,agent298,10
2019-05-31 20:42:33,agent031,7
2019-08-28 06:22:13,agent121,9
2019-03-11 05:15:38,agent207,10
2020-03-12 23:04:11,agent026,8
2019-06-05 01:15:07,agent210,7
2019-09-11 14:28:39,agent208,8
2019-07-12 21:29:22,agent298,8
2019-05-07 17:22:31,agent032,9
2020-01-15 10:34:21,agent212,7
2019-11-19 17:21:32,agent228,7
2019-03-03 23:20:16,agent212,9
2020-02-09 08:23:24,agent298,10
2019-03-19 05:06:05,agent122,10
2020-04-07 00:25:28,agent228,10
2019-11-15 22:03:23,agent043,8
2020-06-29 21:29:23,agent022,7
2019-11-25 06:17:02,agent152,7
2019-12-20 11:55:04,agent094,7
2020-08-07 13:38:01,agent117,10
2019-08-03 04:26:22,agent043,10
2019-06-26 17:17:46,agent031,8
2019-06-12 04:09:19,agent181,9
2019-04-11 23:49:12,agent117,8
2019-12-11 13:08:23,agent077,7
2020-03-25 05:03:31,agent181,9
2019-12-03 13:16:07,agent026,9
2019-12-02 22:48:34,agent076,9
2019-02-23 02:34:15,agent200,8
2019-02-07 04:33:09,agent132,8
2019-04-11 12:50:01,agent219,8
2020-07-12 13:31:31,agent142,8
2020-04-06 07:28:40,agent122,10
2020-03-24 21:00:11,agent148,7
2020-02-16 22:04:02,agent290,8
2019-02-02 06:17:49,agent228,8
2019-10-27 13:08:29,agent097,10
2020-06-26 03:43:14,agent097,9
2019-09-28 08:26:37,agent122,7
2019-05-31 05:43:06,agent181,7
2020-01-14 08:08:05,agent022,8
2020-05-04 12:14:24,agent290,10
2019-09-07 03:16:16,agent101,9
2020-01-07 21:36:53,agent075,8
2020-01-04 10:45:14,agent142,8
2019-04-11 01:03:14,agent032,8
2019-01-31 01:03:02,agent298,7
2019-02-16 10:30:58,agent017,7
2020-07-19 11:43:07,agent210,8
2020-01-29 08:31:51,agent207,7
2020-04-14 20:03:54,agent260,9
2020-03-23 15:51:50,agent200,8
2020-05-31 13:47:17,agent076,7
2019-12-01 06:37:19,agent031,7
2019-10-13 11:30:09,agent105,8
2020-01-18 03:09:25,agent290,10
2020-08-08 04:57:08,agent075,10
2020-03-09 20:15:15,agent072,7
2019-04-15 19:19:31,agent260,9
2019-03-01 16:22:10,agent117,9
2019-12-21 01:14:14,agent122,9
2020-06-11 12:24:59,agent097,9
2020-06-19 12:38:53,agent132,8
2020-08-13 06:27:38,agent142,7
2020-08-14 18:45:13,agent075,10
2020-05-01 02:42:16,agent148,10
2019-07-13 02:36:46,agent022,7
2020-07-07 00:42:46,agent020,10
2019-11-07 17:01:06,agent101,7
2020-06-05 13:34:09,agent072,9
2019-06-01 14:24:00,agent105,8
2019-05-04 10:46:13,agent117,7
2020-05-16 20:50:58,agent105,8
2020-03-16 11:32:55,agent017,8
2019-12-03 08:19:14,agent121,9
2020-08-11 08:51:03,agent121,8
2020-04-23 15:55:49,agent031,10
2019-01-05 07:27:48,agent210,8
2019-06-16 18:45:32,agent072,9
2020-01-14 18:38:02,agent200,9
2019-02-05 00:56:43,agent121,9
2020-03-20 19:54:28,agent260,8
2019-04-17 08:15:32,agent122,10
2019-05-13 16:38:08,agent072,8
2019-03-31 23:36:13,agent142,8
2020-03-22 06:19:47,agent032,8
2020-01-20 05:02:16,agent188,7
2020-06-20 13:24:27,agent192,10
2020-07-10 05:49:00,agent092,7
2019-07-29 19:11:37,agent219,7
2019-03-14 23:20:36,agent208,7
2019-02-12 01:04:03,agent101,8
2019-04-03 10:16:12,agent117,9
2020-03-17 10:07:54,agent017,8
2020-05-03 15:43:31,agent148,9
2019-10-22 19:12:47,agent152,8
2020-02-14 13:51:37,agent212,9
2020-06-27 01:36:26,agent212,8
2020-02-26 01:41:29,agent045,7
2019-10-30 00:02:21,agent290,8
2020-07-28 08:30:22,agent142,7
2019-11-20 07:43:36,agent043,9
2019-07-31 05:11:39,agent298,10
2020-04-17 12:49:23,agent155,10
2019-04-12 07:43:39,agent122,9
2019-03-12 21:23:16,agent121,7
2020-03-01 02:48:14,agent119,7
2019-04-18 01:44:34,agent298,9
2020-02-26 19:35:02,agent152,7
2020-03-09 22:41:02,agent076,10
2019-07-26 05:47:01,agent031,10
2020-06-15 19:03:03,agent076,9
2019-11-20 22:04:56,agent142,9
2019-01-29 16:55:19,agent132,7
2019-10-11 15:42:56,agent022,10
2020-02-29 15:06:34,agent026,9
2019-04-22 09:35:13,agent290,8
2020-07-14 09:41:41,agent105,8
2019-02-01 18:24:43,agent298,10
2019-06-02 03:37:29,agent026,9
2019-02-10 18:12:12,agent122,8
2019-03-03 15:43:53,agent155,10
2020-03-19 13:34:22,agent022,7
2020-01-26 02:42:36,agent142,8
2019-08-03 16:28:45,agent076,7
2019-02-13 13:55:00,agent032,10
2020-04-11 20:31:26,agent260,9
2020-02-15 20:47:43,agent132,7
2019-09-21 01:17:33,agent022,7
2020-05-22 23:28:34,agent092,8
2020-03-29 18:28:27,agent077,8
2019-08-29 01:32:15,agent022,8
2020-01-05 22:43:16,agent290,7
2019-04-28 12:19:14,agent200,10
2019-08-25 06:48:13,agent121,7
2019-10-06 23:54:19,agent117,7
2019-11-03 17:25:46,agent212,9
2019-11-14 06:17:44,agent045,7
2019-01-20 01:22:45,agent097,8
2020-08-12 09:57:08,agent148,7
2020-02-09 15:08:21,agent142,9
2019-10-31 22:26:12,agent026,7
2019-08-09 01:46:17,agent188,10
2019-07-23 06:42:17,agent142,9
2019-01-25 19:47:40,agent105,9
2020-01-30 03:12:12,agent032,8
2019-11-13 05:05:36,agent097,9
2020-08-07 10:11:21,agent298,10
2019-10-03 14:22:51,agent142,8
2020-02-13 02:49:58,agent122,10
2020-04-23 14:18:48,agent031,8
2019-08-06 12:48:16,agent077,9
2020-01-24 17:37:52,agent101,7
2019-02-24 10:50:07,agent097,8
2019-01-24 12:13:25,agent219,10
2019-09-05 02:19:18,agent122,9
2020-02-05 22:27:12,agent075,8
2020-04-19 16:26:00,agent298,7
2019-03-26 08:53:04,agent017,10
2020-06-19 03:06:19,agent076,9
2019-08-16 10:12:47,agent119,8
2019-03-26 08:43:58,agent219,7
2020-07-17 17:12:41,agent219,7
2020-02-19 20:15:11,agent097,10
2019-08-13 15:34:04,agent122,7
2019-11-17 19:35:12,agent072,7
2019-10-27 20:10:00,agent260,8
2020-01-21 11:53:51,agent077,7
2020-01-18 17:30:22,agent142,10
2019-03-29 03:56:47,agent207,10
2019-07-31 19:26:28,agent122,8
2019-01-26 07:12:50,agent022,7
2019-05-11 05:52:39,agent094,10
2019-05-11 19:29:39,agent022,9
2020-05-02 06:30:32,agent260,8
2020-03-21 01:48:26,agent097,7
2020-02-18 14:46:23,agent200,10
2020-06-07 21:25:51,agent208,8
2019-01-06 00:14:09,agent076,10
2020-03-19 17:57:46,agent022,7
2020-01-27 21:50:59,agent155,10
2020-04-10 00:01:43,agent200,10
2020-06-14 18:21:46,agent152,10
2019-12-17 06:57:56,agent188,7
2019-12-31 14:28:17,agent119,9
2019-11-22 17:43:43,agent092,7
2020-01-08 19:34:55,agent094,10
2020-01-04 08:46:10,agent072,10
2020-06-13 01:38:43,agent094,8
2019-12-09 21:34:40,agent094,7
2019-08-02 14:27:42,agent072,7
2019-10-05 02:53:50,agent045,7
2020-06-05 06:25:53,agent117,10
2019-12-04 11:02:21,agent022,8
2019-01-12 19:02:55,agent188,9
2019-12-02 08:20:56,agent228,10
2019-01-08 13:49:17,agent094,8
2019-09-10 22:09:25,agent097,9
2019-08-08 14:06:41,agent152,7
2020-02-23 12:32:35,agent152,9
2019-06-07 15:20:40,agent152,10
2019-01-08 18:23:25,agent022,8
2020-03-18 14:48:59,agent121,10
2020-08-09 05:13:03,agent031,8
2019-05-17 04:51:41,agent200,8
2019-09-13 18:52:17,agent020,9
2019-08-12 06:13:14,agent298,7
2019-04-18 21:49:08,agent017,7
2020-06-04 05:18:29,agent152,9
2019-12-23 21:01:18,agent032,8
2020-08-04 12:41:49,agent026,9
2019-09-06 22:27:09,agent020,10
2019-08-09 07:42:14,agent077,8
2019-09-09 02:06:05,agent022,7
2019-07-15 00:48:34,agent200,7
2019-01-15 06:19:35,agent119,8
2020-03-09 23:16:11,agent192,8
2020-04-15 22:18:35,agent210,9
2020-04-19 06:32:45,agent188,8
2019-05-09 08:43:49,agent142,7
2019-09-28 22:39:12,agent122,7
2019-07-30 01:06:52,agent219,10
2019-09-05 02:36:33,agent142,10
2019-09-14 01:57:53,agent117,7
2019-09-20 07:04:57,agent142,8
2019-08-24 01:01:46,agent022,7
2019-12-04 18:45:47,agent022,8
2020-04-24 09:14:48,agent219,10
2019-05-25 18:44:55,agent101,9
2019-11-01 21:57:55,agent043,10
2019-05-07 03:37:41,agent097,8
2019-09-05 04:14:03,agent298,10
2020-07-08 06:39:40,agent188,10
2020-06-04 07:37:36,agent017,9
2019-02-12 08:36:33,agent094,8
2019-04-16 03:59:37,agent075,9
2019-02-12 16:19:19,agent152,8
2020-07-19 20:03:04,agent119,7
2019-12-01 12:37:08,agent152,9
2020-06-18 13:42:36,agent117,10
2020-03-22 12:45:28,agent142,10
2019-12-03 02:27:40,agent132,8
2020-06-20 04:11:42,agent155,9
2020-02-24 20:43:41,agent094,7
2019-06-21 19:27:50,agent077,10
2019-05-01 04:27:31,agent092,9
2020-06-10 05:34:09,agent200,9
2019-06-12 18:52:24,agent101,9
2019-08-03 10:24:34,agent181,8
2019-10-20 03:39:55,agent076,7
2019-10-06 06:37:47,agent032,8
2019-10-27 01:02:07,agent207,9
2019-11-26 17:34:11,agent075,7
2019-10-17 07:10:18,agent045,10
2019-05-22 07:29:58,agent212,10
2019-12-04 11:29:38,agent122,10
2020-03-05 10:24:23,agent152,7
2019-04-02 13:31:24,agent132,8
2020-06-18 09:10:14,agent022,8
2019-10-04 16:17:51,agent181,9
2019-03-21 23:01:50,agent188,10
2019-12-05 06:24:34,agent031,9
2019-01-22 04:15:36,agent210,8
2020-04-24 01:47:29,agent031,9
2019-07-12 06:36:12,agent097,8
2020-05-13 01:54:03,agent188,9
2019-01-24 20:33:34,agent152,9
2020-06-30 22:05:20,agent188,10
2019-09-07 10:34:36,agent026,8
2020-02-06 12:18:17,agent142,9
2019-12-25 07:36:14,agent290,10
2020-03-27 09:35:13,agent142,8
2019-06-16 11:28:28,agent210,9
2019-11-19 13:56:06,agent152,8
2020-07-08 03:42:54,agent101,8
2019-10-11 13:16:22,agent155,8
2020-08-03 15:04:07,agent290,7
2019-10-31 23:25:52,agent077,10
2020-05-12 10:03:03,agent121,8
2019-01-10 09:46:13,agent117,8
2019-03-01 11:02:26,agent260,8
2019-06-09 05:19:23,agent228,7
2019-07-13 05:55:04,agent031,9
2020-01-31 03:01:10,agent077,9
2020-02-27 13:59:59,agent188,8
2020-04-20 16:47:12,agent043,7
2019-07-07 14:25:45,agent219,9
2020-04-12 18:16:00,agent152,7
2019-12-02 15:57:01,agent026,10
2020-07-28 13:15:48,agent121,8
2020-02-29 01:34:06,agent097,9
2020-07-11 23:09:13,agent031,9
2019-03-11 14:51:25,agent105,10
2019-07-17 18:34:20,agent210,9
2019-04-14 20:54:29,agent260,7
2019-10-17 07:12:15,agent026,8
2020-04-27 06:09:57,agent260,9
2019-04-03 23:25:11,agent031,10
2019-12-16 18:24:22,agent207,10
2020-03-31 08:53:44,agent105,8
2020-08-09 09:46:53,agent192,10
2019-11-12 14:21:02,agent119,10
2019-05-26 23:10:00,agent208,10
2019-05-07 05:07:16,agent031,8
2020-02-11 15:48:16,agent017,10
2019-02-24 18:42:38,agent105,10
2020-03-14 21:11:14,agent142,9
2019-06-23 05:35:31,agent031,10
2019-12-14 19:14:03,agent132,8
2019-03-08 19:44:51,agent181,10
2019-04-19 15:57:02,agent020,8
2019-07-22 22:43:50,agent260,10
2019-08-20 05:03:54,agent076,9
2019-02-08 10:27:56,agent094,10
2019-09-29 05:42:36,agent122,10
2020-04-01 09:17:12,agent188,10
2020-03-02 09:29:54,agent155,8
2019-07-13 03:17:08,agent192,8
2019-12-15 04:25:00,agent119,10
2019-04-13 22:59:16,agent121,9
2019-01-05 07:45:04,agent032,9
2019-03-18 13:42:45,agent200,8
2019-11-17 22:07:17,agent290,9
2019-12-05 11:34:18,agent076,10
2019-03-31 18:03:31,agent212,9
2019-07-01 06:44:16,agent072,8
2019-09-29 13:34:29,agent208,8
2020-04-15 00:06:09,agent032,9
2020-04-18 20:40:31,agent105,7
2020-03-01 10:30:52,agent119,8
2019-12-16 14:18:18,agent031,9
2019-01-23 04:24:35,agent075,10
2019-11-23 08:24:04,agent122,10
2019-03-08 20:16:30,agent208,7
2020-07-02 09:15:20,agent026,7
2019-02-06 21:18:59,agent017,8
2019-05-08 13:38:27,agent032,10
2019-07-31 19:39:38,agent208,9
2020-08-07 20:08:26,agent152,7
2020-05-14 21:13:44,agent101,10
2019-10-05 12:13:07,agent077,9
2019-07-22 12:19:42,agent075,9
2019-12-29 21:16:15,agent119,7
2019-01-18 18:40:16,agent121,10
2019-11-29 07:36:50,agent020,9
2020-03-23 01:33:54,agent152,8
2019-12-05 20:04:29,agent219,10
2020-01-11 05:19:57,agent117,7
2019-06-03 00:56:27,agent122,10
2020-05-28 13:10:12,agent208,10
2019-02-18 04:36:58,agent228,8
2019-03-23 01:14:18,agent148,10
2019-04-05 23:12:22,agent122,8
2020-03-28 07:19:14,agent017,9
2020-06-24 20:49:56,agent208,9
2020-06-04 16:48:44,agent022,10
2019-01-03 10:18:27,agent119,9
2019-07-22 04:53:56,agent077,9
2020-05-30 07:38:56,agent075,10
2019-10-03 01:57:19,agent260,8
2020-05-28 04:26:46,agent076,10
2019-11-17 14:51:37,agent121,8
2019-05-04 07:10:38,agent260,10
2020-03-05 10:13:15,agent228,9
2020-05-15 01:43:13,agent132,10
2019-11-06 15:33:37,agent155,8
2019-06-26 13:33:18,agent022,8
2019-10-07 04:03:26,agent017,7
2020-07-03 14:49:32,agent072,8
2019-07-20 17:15:39,agent076,10
2019-12-10 17:36:03,agent101,10
2020-02-29 04:43:00,agent142,9
2019-12-27 17:06:41,agent017,7
2020-07-04 17:51:30,agent119,10
2019-04-18 05:05:20,agent026,7
2019-04-07 20:31:28,agent105,9
2019-12-14 13:04:14,agent122,7
2020-02-20 15:07:00,agent207,10
2019-10-31 00:07:57,agent045,10
2019-04-13 03:30:42,agent152,10
2019-12-08 21:19:05,agent020,9
2019-07-10 22:19:26,agent072,9
2020-04-20 12:37:15,agent210,8
2020-02-18 11:33:55,agent101,10
2019-04-04 14:07:04,agent192,10
2020-01-25 09:09:39,agent200,10
2019-11-12 15:33:33,agent132,7
2019-08-08 13:24:21,agent026,9
2019-02-05 23:44:07,agent298,10
2019-12-07 22:16:50,agent026,9
2019-09-04 07:20:54,agent105,10
2019-09-06 21:47:27,agent210,10
2019-08-04 03:23:23,agent181,9
2019-01-16 23:41:38,agent031,7
2020-07-29 04:36:30,agent228,8
2019-06-12 08:18:30,agent117,8
2019-03-23 12:47:19,agent152,9
2019-07-05 17:19:35,agent097,9
2019-03-20 15:55:42,agent207,8
2019-10-26 13:43:02,agent022,8
2020-07-13 00:27:57,agent192,10
2019-08-04 10:44:45,agent208,10
2019-11-11 04:56:42,agent132,10
2019-04-25 21:45:25,agent210,7
2020-08-02 19:06:34,agent142,9
2019-08-01 12:42:44,agent076,10
2019-03-11 22:07:04,agent077,7
2019-09-27 18:33:43,agent152,8
2019-08-13 15:39:18,agent210,7
2019-12-04 01:49:00,agent121,7
2019-08-29 17:02:19,agent117,9
2020-06-10 18:40:23,agent022,7
2019-06-21 07:06:15,agent097,10
2019-06-27 02:32:09,agent122,7
2019-03-16 01:12:31,agent072,10
2020-03-10 17:00:07,agent210,9
2020-01-31 01:49:47,agent077,7
2019-11-12 17:32:02,agent207,8
2019-08-14 04:38:18,agent045,8
2020-05-20 02:43:37,agent026,7
2019-06-05 15:02:04,agent152,7
2020-08-08 05:15:57,agent094,7
2020-06-06 23:34:01,agent026,10
2020-03-15 15:26:34,agent022,9
2019-05-08 00:04:57,agent290,10
2020-03-13 17:02:41,agent022,8
2019-05-27 11:38:28,agent043,8
2019-12-04 03:10:40,agent298,9
2019-12-22 23:01:26,agent152,7
2020-03-10 13:57:19,agent092,7
2020-05-16 17:22:14,agent043,10
2019-10-01 07:45:41,agent212,7
2019-09-16 06:56:32,agent207,10
2019-06-03 07:59:51,agent076,10
2019-08-22 14:06:18,agent094,7
2019-09-10 01:43:04,agent200,10
2019-06-16 11:07:25,agent117,9
2020-03-06 22:38:46,agent200,10
2019-03-20 16:32:21,agent207,7
2020-01-11 11:35:26,agent212,10
2019-11-18 17:34:11,agent097,9
2019-07-30 01:05:54,agent026,10
2020-01-14 02:36:03,agent092,8
2019-06-10 23:52:59,agent032,10
2019-06-03 20:53:06,agent260,10
2019-07-10 06:32:13,agent219,10
2020-04-19 10:34:31,agent045,10
2019-10-14 16:32:08,agent072,8
2019-10-30 07:24:32,agent020,10
2020-07-25 16:25:27,agent148,9
2019-02-25 05:49:14,agent043,9
2019-10-13 20:49:00,agent119,10
2020-04-08 13:16:14,agent072,9
2020-06-01 12:24:16,agent092,10
2020-03-08 00:03:35,agent092,9
2020-01-24 17:01:34,agent298,7
2019-10-03 15:04:57,agent022,10
2020-07-22 09:21:48,agent121,9
2020-02-27 20:35:11,agent020,9
2020-06-07 00:01:19,agent152,7
2020-05-07 20:14:59,agent022,9
2020-02-16 01:26:09,agent119,10
2020-07-01 16:09:25,agent181,10
2019-10-21 10:33:11,agent122,10
2019-08-21 23:07:46,agent022,10
2019-12-04 01:56:26,agent192,10
2019-08-05 04:15:45,agent142,8
2020-04-24 11:03:21,agent298,10
2019-05-30 23:45:57,agent152,10
2020-03-07 22:29:48,agent022,8
2019-12-15 12:49:33,agent020,8
2019-09-08 15:11:42,agent208,7
2020-04-18 15:59:12,agent192,9
2019-07-19 02:26:51,agent181,8
2019-02-17 03:37:50,agent155,8
2019-03-18 19:32:09,agent031,9
2020-04-18 05:15:39,agent142,9
2020-03-15 08:56:13,agent076,8
2019-03-07 15:47:15,agent045,8
2019-02-06 02:15:01,agent020,10
2020-06-21 16:14:08,agent031,10
2020-08-07 14:42:48,agent208,8
2019-06-28 23:42:18,agent142,7
2020-01-23 23:31:35,agent075,9
2020-06-16 12:55:08,agent077,9
2020-03-05 12:28:25,agent076,8
2019-11-02 10:50:53,agent075,8
2020-05-22 01:36:08,agent122,7
2019-09-19 18:52:03,agent228,8
2019-07-25 18:17:45,agent192,10
2020-04-20 01:03:35,agent094,9
2020-03-30 06:39:11,agent031,10
2019-11-25 04:03:07,agent094,8
2019-11-28 12:04:57,agent076,7
2019-01-17 17:45:48,agent122,10
2019-10-04 13:52:38,agent188,9
2020-01-10 23:19:06,agent260,9
2019-05-29 21:41:18,agent072,7
2020-02-13 06:38:23,agent092,9
2020-03-09 06:46:20,agent298,8
2019-05-20 02:34:42,agent020,7
2019-09-07 21:51:05,agent072,7
2019-12-20 03:06:50,agent077,9
2020-05-20 23:20:57,agent290,10
2019-03-25 15:01:27,agent121,10
2019-02-04 01:57:04,agent219,8
2019-09-23 22:10:31,agent290,7
2019-07-03 19:40:31,agent207,7
2020-02-07 19:50:27,agent260,9
2019-11-09 01:38:17,agent260,8
2020-05-10 06:24:30,agent142,9
2019-09-09 02:39:18,agent219,10
2019-02-26 20:00:23,agent200,10
2020-03-18 18:31:27,agent212,9
2019-03-21 06:47:52,agent077,8
2019-01-27 23:56:17,agent119,10
2019-02-13 10:30:28,agent208,10
2020-07-23 22:27:44,agent152,7
2020-02-06 21:49:59,agent072,7
2020-04-12 02:32:36,agent032,9
2019-08-13 22:45:36,agent260,8
2019-09-30 22:10:04,agent105,9
2019-03-20 07:18:03,agent032,9
2019-03-27 17:27:51,agent043,7
2019-06-08 14:11:49,agent212,8
2019-07-25 09:32:09,agent208,7
2019-04-03 09:04:10,agent020,7
2020-08-12 17:19:24,agent097,10
2019-08-07 05:12:44,agent092,9
2020-07-10 02:13:22,agent072,8
2019-11-02 20:16:19,agent152,9
2020-04-05 09:15:30,agent121,9
2019-03-08 22:43:08,agent020,9
2019-10-13 19:39:01,agent101,9
2020-08-12 11:27:52,agent031,9
2019-03-11 11:50:52,agent290,7
2019-08-12 00:56:36,agent210,7
2020-06-23 03:54:40,agent032,7
2020-07-11 19:36:06,agent101,8
2020-02-24 07:17:01,agent022,7
2020-06-21 05:02:01,agent092,8
2019-04-22 03:24:09,agent208,7
2019-05-24 09:06:41,agent045,8
2019-06-08 09:22:47,agent228,7
2019-10-17 23:20:01,agent022,8
2020-03-22 01:29:41,agent072,10
2019-03-23 19:38:14,agent155,9
2019-05-15 17:57:44,agent152,8
2019-02-10 21:42:03,agent192,10
2020-05-01 01:07:43,agent017,7
2019-08-08 19:22:27,agent298,9
2019-02-24 02:45:52,agent152,7
2019-08-23 18:15:53,agent105,9
2019-09-30 13:05:24,agent117,7
2019-10-03 15:13:10,agent121,9
2020-01-12 10:15:19,agent097,7
2019-03-31 21:33:39,agent121,9
2020-01-19 21:42:20,agent208,9
2019-01-03 04:01:21,agent290,10
2020-06-30 00:40:53,agent072,10
2020-05-26 19:59:20,agent210,7
2020-07-04 14:06:42,agent260,9
2020-05-29 22:34:29,agent119,8
2019-06-23 06:03:29,agent121,9
2019-03-10 05:03:39,agent152,10
2019-04-15 22:16:34,agent210,10
2019-04-24 22:24:46,agent105,7
2020-05-17 23:03:04,agent260,10
2019-12-08 16:02:07,agent094,10
2020-05-31 22:51:56,agent181,8
2019-03-16 13:18:14,agent148,9
2020-08-02 22:20:52,agent152,7
2019-02-18 14:04:29,agent020,8
2019-10-19 23:33:28,agent097,9
2020-05-27 21:31:27,agent181,10
2019-09-23 19:00:20,agent017,7
2019-10-05 16:16:24,agent045,9
2019-06-12 05:15:50,agent152,8
2020-07-06 22:29:25,agent075,9
2020-03-01 17:44:49,agent121,9
2020-06-05 05:58:44,agent101,7
2019-02-28 10:05:30,agent045,9
2020-05-30 19:51:00,agent032,7
2019-11-27 21:39:16,agent122,9
2020-01-20 19:58:24,agent122,8
2020-03-21 12:23:11,agent075,8
2019-02-06 11:07:14,agent094,8
2019-12-14 18:29:42,agent121,10
2019-09-01 04:45:35,agent260,7
2020-03-26 05:56:35,agent290,7
2019-06-16 13:18:09,agent076,8
2020-08-06 23:40:16,agent210,7
2020-02-01 10:53:43,agent212,9
2019-06-23 11:52:47,agent142,10
2020-02-27 07:29:34,agent105,9
2019-08-22 07:38:54,agent101,8
2019-11-01 13:42:01,agent121,10
2019-03-07 07:18:12,agent105,9
2020-02-21 21:38:17,agent072,9
2020-05-16 13:32:47,agent219,7
2019-07-24 13:41:15,agent032,7
2019-07-22 00:42:38,agent022,8
2019-06-26 18:54:49,agent152,10
2019-06-26 12:14:20,agent212,7
2020-03-10 07:57:00,agent152,10
2020-04-09 22:25:07,agent043,8
2019-11-17 15:30:51,agent119,10
2019-12-29 04:54:05,agent121,9
2019-07-06 11:05:49,agent260,8
2020-05-24 20:39:06,agent122,10
2019-03-05 15:22:32,agent017,9
2019-11-12 01:27:46,agent200,7
2019-11-01 00:13:29,agent097,7
2019-06-03 22:41:20,agent075,8
2020-04-04 04:38:23,agent076,8
2019-04-09 05:48:53,agent031,8
2019-04-16 08:50:42,agent152,7
2019-04-29 04:48:51,agent097,10
2019-07-08 05:24:58,agent228,8
2020-02-15 06:15:48,agent043,8
2019-05-27 18:49:29,agent119,8
2019-01-01 17:10:27,agent032,9
2020-06-17 20:13:29,agent260,7
2019-12-16 13:25:52,agent228,7
2019-05-04 20:30:54,agent072,7
2019-01-18 15:14:48,agent142,8
2020-07-17 11:37:11,agent045,7
2019-06-08 11:41:41,agent045,8
2019-02-13 15:31:28,agent017,10
2020-02-07 22:58:54,agent121,9
2019-04-17 16:24:37,agent188,7
2019-09-09 10:34:16,agent219,10
2019-01-14 00:43:55,agent077,8
2019-02-25 14:09:36,agent219,7
2019-07-20 04:34:31,agent181,8
2019-04-26 18:49:05,agent119,10
2019-02-27 12:53:31,agent097,7
2020-04-16 22:30:25,agent207,7
2019-02-25 08:30:35,agent210,10
2019-02-19 13:58:56,agent148,9
2019-08-17 22:53:12,agent072,10
2019-07-01 01:14:13,agent097,8
2019-12-09 00:16:24,agent142,7
2019-02-09 19:24:40,agent075,8
2019-02-28 13:30:36,agent208,10
2019-06-27 09:18:57,agent290,9
2019-01-17 15:13:42,agent152,10
2020-01-20 01:05:17,agent152,9
2019-02-02 12:39:46,agent212,8
2019-06-18 03:26:26,agent121,9
2019-07-01 08:47:15,agent155,7
2019-12-31 20:27:50,agent208,10
2019-11-23 16:54:37,agent298,7
2019-03-05 00:03:54,agent142,7
2020-02-08 21:21:35,agent142,9
2020-05-07 22:16:09,agent020,10
2019-08-01 03:44:03,agent121,9
2019-07-19 20:07:47,agent290,8
2019-09-13 11:04:57,agent181,8
2020-04-19 16:34:06,agent117,8
2020-01-18 03:48:32,agent228,9
2019-12-18 16:25:19,agent207,9
2019-08-27 15:31:30,agent132,10
2020-01-17 14:28:46,agent075,8
2019-01-24 22:35:12,agent152,9
2019-03-24 10:01:56,agent152,10
2019-03-31 14:26:38,agent152,7
2019-12-03 12:34:29,agent026,8
2019-11-23 03:32:35,agent026,10
2020-05-05 13:50:53,agent017,7
2019-09-25 13:16:43,agent092,10
2020-04-25 06:26:39,agent121,8
2020-06-05 05:56:46,agent210,9
2020-06-27 00:44:16,agent200,8
2019-01-05 00:56:22,agent219,10
2019-03-30 16:52:27,agent045,8
2019-09-27 23:18:51,agent200,8
2020-06-15 20:09:04,agent132,8
2019-10-08 06:41:34,agent142,7
2019-05-02 23:23:06,agent076,8
2019-06-28 01:11:05,agent020,10
2019-08-03 18:26:25,agent188,7
2019-03-03 23:25:35,agent212,10
2020-05-23 21:20:55,agent188,7
2019-10-13 14:07:18,agent208,8
2020-02-15 07:51:06,agent142,10
2020-02-06 04:12:13,agent094,7
2019-05-24 13:15:12,agent122,8
2019-06-06 02:03:15,agent132,10
2020-05-22 00:11:34,agent031,9
2020-07-10 13:59:51,agent121,9
2019-10-02 13:50:54,agent121,7
2020-05-17 08:14:50,agent152,9
2019-05-27 17:10:24,agent208,10
2020-02-10 07:08:33,agent022,8
2019-12-31 09:55:39,agent132,7
2020-07-27 02:00:09,agent207,7
2019-12-26 23:06:23,agent101,10
2020-07-12 09:47:26,agent072,9
2019-03-17 11:18:21,agent212,7
2019-09-18 13:31:50,agent119,8
2020-05-11 10:28:37,agent094,9
2020-01-26 14:54:38,agent228,10
2019-03-18 19:49:30,agent228,9
2019-12-19 02:10:32,agent119,9
2019-04-08 17:41:16,agent105,10
2020-05-23 20:30:42,agent022,10
2020-01-05 06:21:14,agent210,10
2020-06-10 02:19:24,agent212,8
2019-12-01 11:55:39,agent142,8
2019-09-18 08:30:33,agent031,8
2019-11-24 17:30:15,agent045,7
2019-04-14 20:32:03,agent188,10
2020-07-15 20:02:32,agent032,7
2020-07-16 12:38:01,agent017,10
2019-03-02 08:55:54,agent072,8
2019-02-23 12:07:42,agent017,7
2019-04-09 14:01:11,agent155,10
2020-04-29 12:13:32,agent076,10
2019-06-25 09:04:10,agent077,8
2019-04-08 03:08:08,agent121,7
2019-02-18 01:39:22,agent132,10
2019-06-02 15:32:58,agent097,7
2020-03-08 14:41:11,agent207,10
2020-06-03 21:51:55,agent122,7
2019-05-25 13:55:00,agent212,8
2019-07-30 22:52:43,agent097,8
2019-08-27 21:34:42,agent097,8
2019-08-22 01:42:19,agent022,10
2019-01-10 06:31:36,agent132,8
2019-03-28 10:09:43,agent077,10
2020-04-13 20:02:18,agent022,7
2020-02-22 11:48:28,agent200,7
2019-12-01 17:01:24,agent117,7
2020-06-17 23:15:42,agent076,7
2020-03-08 04:31:16,agent077,9
2019-03-12 09:56:40,agent260,10
2020-05-16 02:24:28,agent121,9
2019-08-19 05:40:02,agent298,8
2019-05-09 16:53:03,agent097,9
2020-05-28 05:49:01,agent017,8
2020-06-12 13:23:20,agent121,10
2020-02-28 05:34:32,agent132,9
2019-10-29 17:10:11,agent094,8
2020-06-06 06:26:31,agent152,10
2019-12-12 03:57:35,agent045,8
2019-08-21 17:17:51,agent142,7
2019-02-11 00:13:59,agent192,10
2019-01-23 14:09:30,agent101,9
2019-02-05 10:28:14,agent181,8
2019-12-25 05:49:45,agent142,10
2019-07-27 03:01:15,agent105,7
2019-05-24 10:45:40,agent152,9
2020-07-10 12:36:52,agent152,7
2020-02-05 02:31:48,agent121,7
2019-04-27 23:37:04,agent022,9
2020-07-06 21:12:13,agent208,7
2019-10-26 12:30:21,agent022,10
2019-03-15 22:45:03,agent022,10
2020-01-19 03:50:43,agent207,9
2019-11-19 15:58:25,agent122,9
2019-11-19 14:54:03,agent208,10
2020-03-24 14:09:05,agent188,9
2019-03-05 11:34:22,agent026,10
2019-01-19 00:02:00,agent152,9
2019-04-29 00:25:15,agent188,7
2019-02-27 06:15:12,agent032,9
2019-10-28 23:34:32,agent210,7
2020-06-03 17:53:55,agent117,8
2020-07-25 06:57:48,agent072,9
2019-08-23 20:01:05,agent155,10
2019-10-29 08:14:57,agent155,8
2020-05-23 12:44:54,agent132,10
2020-04-30 07:14:23,agent117,7
2020-07-18 21:45:19,agent152,9
2020-01-16 14:24:11,agent208,7
2020-06-18 01:40:23,agent207,10
2019-06-16 09:32:49,agent045,8
2019-03-21 15:23:05,agent121,9
2019-08-27 17:03:19,agent152,8
2019-02-15 15:14:21,agent072,8
2020-02-20 10:09:24,agent142,7
2019-08-27 22:06:31,agent020,9
2020-01-28 22:37:56,agent260,10
2019-08-27 00:06:07,agent208,10
2019-05-28 08:49:36,agent045,7
2019-04-28 01:18:47,agent043,10
2020-01-09 11:14:48,agent077,9
2020-01-14 22:42:53,agent192,8
2020-04-15 06:57:12,agent094,7
2019-05-01 06:56:09,agent121,8
2019-04-10 22:07:09,agent122,10
2020-08-11 13:06:14,agent188,7
2020-07-23 11:12:31,agent032,9
2019-08-14 02:27:58,agent076,8
2019-10-31 04:53:47,agent152,8
2019-01-03 02:53:07,agent155,10
2019-04-30 17:52:49,agent101,10
2019-09-06 05:43:31,agent155,10
2020-07-11 05:52:05,agent121,7
2019-07-10 02:59:10,agent132,10
2020-01-08 09:47:02,agent094,7
2019-06-23 08:20:15,agent121,9
2019-03-05 03:15:52,agent122,10
2019-09-07 05:54:05,agent152,9
2019-05-25 08:11:31,agent097,8
2020-05-31 20:31:23,agent094,10
2019-07-30 05:54:36,agent152,7
2020-03-31 10:22:02,agent219,9
2019-07-04 14:52:42,agent148,7
2019-08-03 17:20:26,agent142,9
2020-07-20 21:43:53,agent298,8
2019-04-19 03:53:52,agent097,10
2020-07-27 20:30:46,agent022,7
2020-02-15 16:47:13,agent022,9
2019-07-27 20:32:28,agent105,7
2019-03-21 11:33:45,agent228,7
2019-04-25 03:33:58,agent092,9
2019-02-23 08:24:37,agent094,10
2019-08-03 17:42:36,agent142,9
2020-04-08 15:11:09,agent210,9
2020-07-13 01:36:00,agent119,10
2020-01-16 09:34:05,agent043,9
2019-06-28 19:39:19,agent020,8
2020-03-22 00:28:41,agent017,9
2019-09-20 08:23:18,agent032,8
2019-11-15 23:41:25,agent148,8
2020-01-10 16:15:52,agent260,7
2019-07-23 10:56:08,agent017,7
2019-03-24 05:05:06,agent031,7
2019-01-07 23:16:54,agent142,9
2020-04-09 14:25:26,agent026,9
2020-01-16 13:55:03,agent212,9
2020-07-09 02:04:07,agent207,8
2019-06-12 15:51:13,agent094,7
2019-06-25 14:23:48,agent192,9
2020-07-02 16:19:21,agent142,7
2020-07-02 13:43:53,agent026,10
2019-12-23 16:56:59,agent142,10
2019-04-20 07:05:21,agent192,7
2020-01-24 05:44:27,agent075,10
2019-06-17 05:19:16,agent121,9
2019-07-10 03:25:48,agent181,10
2020-04-09 02:00:52,agent075,10
2020-04-06 16:32:01,agent192,7
2020-07-01 04:40:43,agent210,7
2019-01-30 21:06:19,agent219,9
2020-03-16 14:55:17,agent181,7
2020-06-25 21:21:05,agent200,7
2020-06-02 16:01:57,agent020,10
2019-10-16 23:25:01,agent210,7
2020-05-05 21:20:41,agent092,8
2019-02-01 03:15:39,agent122,8
2019-09-25 18:41:49,agent122,8
2019-05-18 16:52:13,agent072,7
2020-05-31 21:11:14,agent101,8
2020-01-21 05:06:41,agent181,8
2019-07-24 23:48:27,agent017,10
2019-05-20 02:42:36,agent121,7
2019-09-09 16:09:18,agent181,8
2020-03-17 11:46:29,agent077,7
2020-01-24 13:00:36,agent188,8
2019-04-20 22:19:32,agent132,7
2020-06-07 07:19:25,agent022,9
2019-12-30 02:14:00,agent031,7
2019-09-04 18:42:03,agent043,9
2019-10-08 20:57:26,agent207,7
2019-06-06 08:29:59,agent298,9
2020-06-24 21:15:09,agent026,7
2019-06-19 02:28:48,agent155,7
2020-05-16 13:07:17,agent094,7
2019-12-18 23:26:53,agent122,9
2019-09-18 04:03:27,agent101,10
2020-04-12 00:23:21,agent119,7
2019-02-19 14:17:13,agent290,7
2019-11-17 16:25:21,agent188,9
2019-12-25 08:26:25,agent017,7
2020-01-03 14:54:09,agent142,9
2019-06-18 05:06:54,agent031,7
2020-01-23 18:19:13,agent148,9
2019-01-27 07:24:19,agent298,8
2020-07-17 18:05:17,agent121,9
2019-06-12 12:34:35,agent101,9
2020-05-02 09:08:43,agent142,9
2020-07-27 23:44:41,agent212,10
2019-09-29 15:58:07,agent020,8
2019-04-04 14:44:51,agent122,9
2019-09-22 14:41:18,agent228,10
2019-12-09 16:56:20,agent022,7
2019-07-14 11:50:42,agent207,7
2019-10-26 11:34:13,agent026,10
2020-06-26 10:44:50,agent072,9
2019-09-15 06:39:19,agent076,10
2019-08-09 00:50:59,agent200,10
2020-01-10 04:19:14,agent192,10
2019-03-27 04:17:28,agent228,8
2020-07-06 11:20:16,agent155,8
2019-11-14 23:36:01,agent122,9
2019-04-12 16:51:16,agent152,9
2019-06-11 06:10:24,agent207,8
2019-06-12 23:52:22,agent142,7
2020-06-10 06:27:57,agent101,10
2020-08-09 16:44:11,agent032,7
2019-02-14 12:25:57,agent117,9
2019-06-06 20:58:24,agent122,9
2019-01-27 16:24:02,agent121,9
2019-06-26 16:21:32,agent298,8
2019-02-22 15:08:19,agent122,10
2020-05-11 07:30:46,agent181,10
2019-01-25 03:49:04,agent152,7
2020-02-25 08:02:37,agent017,9
2019-03-23 19:12:26,agent200,10
2019-04-04 21:21:35,agent092,7
2019-09-14 08:08:05,agent121,8
2020-02-24 05:32:14,agent290,10
2019-01-17 08:45:39,agent121,10
2019-08-31 08:42:47,agent188,10
2019-09-03 16:28:57,agent148,10
2019-12-31 14:02:40,agent192,8
2020-04-18 22:55:54,agent043,7
2020-08-01 15:25:18,agent117,8
2019-06-24 17:47:50,agent181,7
2019-04-10 20:25:27,agent122,8
2020-03-21 11:50:42,agent022,8
2019-03-01 15:06:00,agent017,10
2019-07-20 19:15:07,agent022,9
2019-03-29 02:37:16,agent142,7
2019-06-09 19:53:01,agent219,8
2019-09-04 00:47:35,agent017,8
2020-01-23 07:29:36,agent148,9
2019-07-23 00:09:00,agent032,8
2019-11-04 10:13:59,agent075,8
2019-02-21 05:31:11,agent122,10
2019-07-20 08:45:50,agent181,10
2019-03-29 21:50:46,agent022,10
2019-03-15 16:52:51,agent020,9
2019-10-18 19:26:25,agent152,10
2020-04-27 13:40:17,agent119,10
2019-06-15 00:08:13,agent117,7
2020-01-14 22:52:00,agent298,8
2020-06-08 08:45:34,agent122,10
2019-12-30 01:26:19,agent022,10
2019-07-01 16:48:48,agent200,7
2020-01-14 08:53:15,agent045,10
2019-03-29 04:35:18,agent077,7
2020-05-05 08:07:28,agent142,9
2019-10-12 04:33:02,agent122,7
2019-02-26 23:20:50,agent022,7
2019-01-09 06:21:18,agent094,7
2020-06-21 03:34:14,agent155,9
2020-01-29 05:57:22,agent188,10
2020-07-16 22:10:39,agent045,9
2019-09-19 08:47:32,agent022,8
2019-06-12 10:24:27,agent022,9
2019-07-05 05:17:44,agent022,8
2020-05-25 01:34:41,agent097,8
2020-06-24 23:05:18,agent032,9
2019-09-24 18:22:52,agent142,9
2020-06-23 19:31:37,agent122,7
2019-03-21 18:29:50,agent032,8
2019-08-27 20:04:32,agent031,10
2019-03-02 18:31:29,agent208,7
2019-09-30 10:05:22,agent020,7
2019-04-30 16:23:23,agent219,8
2019-12-31 00:13:57,agent148,7
2020-05-07 01:15:07,agent192,10
2019-01-29 19:31:43,agent020,10
2019-11-08 12:05:47,agent017,9
2019-05-28 17:16:12,agent219,9
2020-02-08 03:35:54,agent152,10
2019-11-13 19:46:57,agent043,10
2019-05-06 21:43:32,agent075,8
2019-11-18 14:25:51,agent210,8
2019-12-26 03:00:21,agent072,8
2019-11-25 15:47:36,agent155,8
2020-04-10 22:11:14,agent290,7
2019-03-18 15:18:27,agent022,9
2019-04-26 02:14:51,agent192,8
2019-12-27 13:13:14,agent092,8
2020-03-05 08:01:21,agent228,7
2019-03-29 20:51:21,agent097,10
2019-04-21 21:10:41,agent097,8
2019-03-18 20:07:19,agent132,9
2020-04-15 23:08:24,agent208,9
2019-10-14 05:24:35,agent142,9
2019-09-22 06:45:45,agent075,8
2020-08-01 21:54:21,agent026,9
2020-07-11 16:31:44,agent043,9
2019-10-09 04:22:07,agent212,9
2020-07-18 06:10:59,agent026,9
2019-05-15 14:56:49,agent121,7
2019-03-14 06:04:32,agent208,8
2019-10-29 08:27:33,agent101,10
2020-08-08 03:02:27,agent119,9
2019-09-06 14:19:38,agent152,9
2020-01-20 06:49:15,agent077,9
2020-06-25 01:56:58,agent094,9
2019-04-04 12:49:55,agent132,7
2020-03-14 20:41:22,agent142,10
2020-05-12 23:56:19,agent181,8
2020-04-11 21:42:14,agent075,8
2019-09-12 09:12:54,agent031,7
2019-01-26 05:12:47,agent260,10
2020-02-14 10:49:06,agent017,10
2019-09-01 18:13:08,agent026,7
2020-05-20 00:13:52,agent045,8
2020-01-08 07:55:04,agent228,7
2020-05-23 05:00:33,agent219,7
2019-12-23 03:59:01,agent121,10
2020-01-13 16:21:30,agent077,7
2019-01-31 08:02:41,agent045,8
2019-08-10 05:39:47,agent122,10
2019-04-02 17:48:10,agent026,7
2020-01-16 01:50:55,agent043,7
2020-02-24 20:27:26,agent121,9
2019-02-23 00:07:40,agent075,9
2019-12-24 02:13:54,agent142,9
2019-12-04 01:20:09,agent032,8
2020-05-31 21:09:23,agent032,7
2019-09-05 06:25:32,agent219,10
2020-02-24 14:34:29,agent200,9
2019-01-15 15:42:33,agent022,7
2019-01-26 21:11:57,agent026,10
2020-08-06 19:04:43,agent219,8
2020-05-05 07:26:26,agent072,10
2019-09-09 08:44:21,agent122,7
2019-04-11 05:31:19,agent122,10
2019-02-16 21:41:09,agent077,9
2019-06-22 21:40:23,agent152,7
2020-05-26 00:52:59,agent092,8
2019-02-21 18:55:23,agent117,9
2019-03-14 16:09:24,agent132,8
2019-01-12 23:47:44,agent152,8
2019-10-20 03:42:44,agent192,7
2020-04-25 10:56:22,agent298,7
2020-01-17 05:30:39,agent045,7
2019-06-13 15:07:44,agent122,8
2019-11-11 11:15:14,agent188,8
2020-03-12 12:34:50,agent142,8
2019-12-13 18:11:55,agent032,8
2020-03-17 04:31:46,agent148,10
2019-03-06 04:24:00,agent122,8
2019-03-11 05:23:30,agent026,7
2019-12-14 14:33:17,agent142,10
2020-06-16 09:43:52,agent119,8
2020-02-10 18:42:47,agent101,7
2020-06-14 19:47:37,agent026,8
2019-01-22 00:51:53,agent022,10
2019-10-07 16:21:40,agent188,9
2019-07-14 04:57:55,agent072,9
2020-03-02 14:11:53,agent122,8
2019-10-21 09:58:03,agent132,10
2019-12-15 20:10:57,agent208,8
2019-10-31 09:03:37,agent212,8
2020-07-10 05:57:07,agent152,9
2020-05-09 13:00:44,agent200,10
2020-07-31 20:07:50,agent101,9
2020-04-26 00:52:33,agent076,7
2019-10-18 06:17:19,agent121,7
2019-06-22 02:22:51,agent077,8
2019-12-01 11:17:25,agent117,7
2020-02-06 05:30:18,agent105,10
2019-11-23 01:30:20,agent022,8
2020-05-12 05:37:44,agent119,7
2020-06-09 02:30:33,agent077,7
2019-12-10 11:05:01,agent101,8
2019-03-06 03:45:46,agent092,9
2019-09-03 01:53:06,agent022,7
2020-07-08 09:11:49,agent119,7
2019-03-04 14:58:43,agent210,10
2020-03-30 16:07:37,agent152,10
2019-10-11 15:37:31,agent260,8
2020-05-01 11:37:36,agent152,8
2019-10-25 22:12:16,agent017,10
2019-11-20 00:25:26,agent181,7
2019-08-29 17:54:54,agent152,10
2020-07-25 19:00:06,agent043,8
2020-06-29 19:42:54,agent219,7
2019-10-22 04:10:23,agent298,10
2019-08-04 13:48:23,agent219,8
2019-03-12 15:16:48,agent122,9
2019-07-25 06:00:31,agent045,10
2019-03-09 02:43:33,agent132,9
2020-05-09 23:34:29,agent121,9
2019-11-10 15:00:16,agent043,8
2020-06-27 04:35:58,agent097,8
2020-05-26 01:49:21,agent022,9
2019-03-06 00:26:12,agent026,8
2019-07-14 15:23:48,agent121,7
2019-03-16 11:22:01,agent207,10
2019-07-26 18:36:09,agent152,10
2019-06-19 06:11:27,agent122,9
2020-05-27 01:09:04,agent092,10
2019-07-24 04:26:10,agent072,10
2019-07-07 10:03:54,agent017,9
2020-01-28 04:27:57,agent117,9
2019-10-15 13:27:34,agent031,8
2019-12-27 03:51:01,agent097,7
2019-09-30 22:13:22,agent045,9
2019-02-02 16:04:07,agent031,8
2019-06-22 23:34:06,agent212,9
2019-01-23 23:01:32,agent075,10
2019-01-03 02:08:38,agent101,8
2019-10-01 23:14:05,agent122,10
2020-08-12 17:06:20,agent181,9
2019-11-24 05:17:24,agent207,8
2020-07-09 11:54:26,agent094,10
2020-01-03 00:24:51,agent200,9
2020-03-13 13:42:19,agent290,8
2019-05-29 21:58:55,agent097,8
2019-07-06 03:55:25,agent045,10
2019-08-27 06:06:49,agent155,8
2020-04-18 10:38:44,agent228,7
2019-01-17 10:46:44,agent026,8
2019-01-01 04:38:15,agent032,7
2019-10-20 08:23:06,agent142,10
2020-01-07 07:16:42,agent152,8
2020-02-11 14:39:29,agent210,10
2019-10-22 18:23:22,agent210,7
2020-05-10 12:53:37,agent121,7
2020-05-15 15:08:53,agent228,10
2019-08-08 19:07:56,agent260,9
2020-07-03 01:55:00,agent101,7
2020-07-16 22:29:20,agent210,8
2019-09-27 17:39:54,agent119,7
2019-10-24 23:19:46,agent121,8
2020-05-23 07:28:26,agent092,7
2019-04-26 17:57:19,agent142,8
2019-07-19 13:58:50,agent208,7
2019-12-18 13:17:57,agent142,10
2020-04-19 21:51:42,agent101,9
2019-10-28 19:54:49,agent188,8
2019-02-06 16:57:54,agent122,8
2019-03-01 08:57:04,agent181,7
2019-12-23 05:45:02,agent207,10
2019-10-29 12:55:23,agent148,10
2019-02-13 03:00:55,agent219,8
2019-01-12 20:37:24,agent045,10
2019-08-12 17:21:25,agent142,8
2019-12-07 06:34:08,agent017,9
2019-01-28 05:39:31,agent152,7
2019-10-19 19:55:56,agent181,8
2019-05-05 20:09:21,agent026,8
2020-03-09 01:00:59,agent121,8
2020-03-31 17:58:37,agent260,9
2019-10-22 14:38:06,agent022,7
2019-09-28 14:41:40,agent119,8
2019-11-02 08:30:37,agent228,7
2020-01-19 11:54:19,agent092,7
2020-05-09 11:32:10,agent043,8
2019-12-10 06:34:19,agent092,7
2020-05-26 12:09:52,agent260,8
2019-05-13 20:07:41,agent122,9
2019-07-16 02:35:17,agent148,7
2019-08-04 03:39:22,agent132,8
2019-01-28 12:14:07,agent121,10
2020-06-19 07:31:19,agent076,8
2020-02-09 16:22:56,agent192,10
2019-08-23 07:37:36,agent075,9
2019-05-02 18:36:01,agent260,8
2020-06-21 20:12:24,agent043,7
2020-03-20 07:19:41,agent155,8
2019-08-17 06:05:02,agent031,8
2020-01-04 16:22:17,agent290,10
2019-07-17 23:40:16,agent076,7
2020-02-26 03:40:40,agent155,8
2020-08-07 14:19:06,agent119,8
2020-06-15 06:07:05,agent101,9
2020-05-25 09:53:19,agent210,9
2019-12-10 18:52:29,agent192,7
2019-10-11 08:43:55,agent208,9
2019-09-03 20:02:30,agent212,10
2020-01-25 10:25:02,agent077,8
2019-08-28 08:29:27,agent142,7
2019-05-18 08:57:53,agent228,10
2019-06-01 21:22:04,agent260,9
2019-09-27 10:33:36,agent022,7
2019-02-04 03:34:32,agent152,7
2020-05-24 10:23:58,agent122,9
2020-06-01 20:15:48,agent117,8
2019-01-17 17:32:56,agent155,8
2020-06-18 18:35:44,agent022,8
2019-11-23 07:33:10,agent142,10
2019-09-17 12:11:28,agent122,9
2020-02-28 17:37:26,agent077,8
2019-07-06 13:27:42,agent192,8
2019-06-15 12:36:59,agent032,7
2020-06-18 21:08:42,agent152,9
2019-01-08 12:57:12,agent298,10
2020-04-28 03:33:23,agent026,8
2020-03-31 04:18:24,agent077,9
2019-12-07 02:48:32,agent181,8
2019-12-27 10:25:04,agent142,8
2019-10-15 17:04:32,agent045,9
2019-07-07 02:38:07,agent032,7
2019-10-27 02:07:46,agent119,10
2019-01-27 01:48:10,agent076,8
2019-11-16 02:42:01,agent207,9
2020-05-14 07:40:44,agent022,7
2019-03-13 19:19:14,agent119,10
2019-09-07 02:15:49,agent077,9
2019-01-03 19:36:16,agent200,8
2020-08-11 17:05:11,agent298,7
2019-03-05 05:53:05,agent208,8
2019-09-20 12:39:01,agent132,7
2019-04-27 22:15:57,agent152,10
2020-01-09 05:09:29,agent122,8
2020-07-10 15:36:20,agent045,9
2020-02-26 16:56:37,agent192,7
2020-02-10 01:25:09,agent119,10
2020-06-29 05:02:29,agent121,8
2019-07-25 02:14:03,agent181,10
2019-04-03 17:48:19,agent207,8
2019-05-05 04:53:27,agent181,7
2019-05-18 10:26:25,agent022,10
2019-09-29 02:07:19,agent097,7
2019-02-26 10:02:18,agent017,10
2020-06-15 13:32:52,agent122,10
2020-07-06 00:49:43,agent121,8
2019-07-17 02:15:58,agent026,7
2019-09-13 08:58:53,agent022,9
2020-01-01 01:06:37,agent210,8
2019-01-14 16:12:21,agent026,8
2019-01-04 19:04:49,agent121,7
2019-11-08 08:40:48,agent101,10
2019-01-25 08:18:28,agent101,8
2019-05-20 11:30:38,agent043,9
2019-10-24 13:24:29,agent026,8
2019-09-02 07:36:50,agent181,10
2020-03-13 04:28:15,agent152,10
2020-02-15 20:20:27,agent072,10
2019-01-04 19:25:54,agent077,8
2019-07-27 10:35:02,agent020,8
2019-04-05 18:37:39,agent105,7
2020-04-03 02:06:01,agent210,7
2019-02-12 15:56:44,agent122,9
2020-02-08 16:30:00,agent207,9
2019-10-15 02:04:20,agent210,8
2019-09-24 19:30:11,agent022,10
2019-06-12 00:22:28,agent026,10
2020-06-18 03:38:29,agent192,7
2019-05-18 17:44:10,agent119,7
2019-02-17 10:33:41,agent092,8
2020-07-31 14:52:05,agent097,8
2020-08-10 08:45:33,agent121,7
2019-10-30 20:57:58,agent132,7
2020-06-29 02:16:41,agent290,8
2019-01-29 01:28:48,agent094,10
2019-05-01 09:18:45,agent101,7
2020-07-17 03:49:58,agent219,9
2020-07-01 03:08:05,agent142,8
2019-10-09 20:02:50,agent092,10
2019-09-24 13:22:44,agent043,10
2019-01-07 18:37:43,agent121,7
2020-05-10 15:11:07,agent152,9
2019-09-18 17:29:28,agent152,7
2019-01-23 09:52:56,agent181,10
2019-08-08 12:04:07,agent298,7
2020-04-12 06:37:25,agent031,9
2019-09-25 05:27:05,agent077,10
2019-12-31 21:22:50,agent076,9
2019-10-06 15:39:37,agent122,9
2020-01-13 01:45:27,agent076,9
2019-01-03 21:25:15,agent101,10
2020-07-30 14:48:44,agent155,8
2019-07-21 23:25:27,agent188,8
2019-08-13 11:31:31,agent142,10
2020-02-22 05:48:18,agent105,9
2019-11-10 17:22:29,agent072,10
2019-02-18 22:21:22,agent142,9
2019-10-07 16:44:49,agent101,10
2019-10-28 03:46:49,agent121,10
2019-03-08 17:13:12,agent200,9
2020-02-28 15:13:46,agent032,8
2019-06-27 02:10:57,agent031,9
2019-07-12 06:50:33,agent212,9
2020-06-23 05:19:28,agent152,10
2020-06-09 10:52:26,agent121,7
2019-01-20 09:55:18,agent022,8
2020-05-22 23:53:52,agent094,10
2020-04-18 19:46:51,agent026,8
2020-02-22 22:34:19,agent022,7
2020-04-08 10:18:07,agent210,9
2019-05-28 11:32:40,agent117,7
2019-04-07 12:46:18,agent208,7
2019-09-28 05:07:14,agent022,9
2019-04-11 14:46:14,agent045,9
2019-08-06 08:34:13,agent092,10
2020-05-25 17:47:34,agent192,10
2020-03-18 23:53:59,agent192,8
2019-06-06 09:43:24,agent121,9
2020-06-10 09:26:18,agent117,7
2019-12-13 10:49:02,agent142,10
2020-03-24 23:47:56,agent077,8
2019-11-26 10:04:53,agent045,8
2019-08-25 04:38:28,agent192,9
2020-04-07 01:01:35,agent117,10
2019-06-08 00:48:12,agent148,8
2019-08-24 14:56:55,agent121,7
2019-05-13 04:29:50,agent298,7
2020-08-06 09:12:14,agent075,10
2019-10-04 02:40:15,agent026,8
2020-05-07 23:44:17,agent022,7
2019-06-21 10:44:44,agent022,7
2020-01-30 04:08:55,agent076,8
2020-01-01 21:30:21,agent208,9
2019-10-05 00:59:42,agent155,7
2020-03-27 18:45:38,agent105,8
2019-02-12 10:58:59,agent094,8
2020-04-24 21:43:17,agent132,7
2020-01-28 19:05:07,agent121,9
2019-12-13 17:44:47,agent148,9
2019-05-20 18:57:11,agent181,10
2019-09-03 21:51:51,agent208,8
2019-12-25 10:22:22,agent142,8
2019-08-28 02:51:07,agent119,10
2019-05-24 23:01:44,agent101,10
2019-11-19 22:06:34,agent228,8
2020-03-21 11:57:26,agent142,10
2020-01-05 07:40:52,agent210,7
2019-06-22 03:34:04,agent152,7
2019-05-02 06:16:48,agent026,9
2020-02-29 23:15:26,agent020,9
2020-03-22 02:11:11,agent017,8
2019-09-21 20:30:11,agent192,9
2019-08-16 09:01:09,agent210,10
2020-05-21 03:22:51,agent022,8
2019-07-22 12:47:55,agent290,7
2019-09-23 21:32:28,agent077,9
2019-11-13 03:38:35,agent192,9
2020-07-01 01:57:28,agent210,10
2020-04-19 02:18:28,agent077,9
2020-01-09 21:55:29,agent092,10
2020-07-06 21:07:25,agent290,9
2020-01-24 18:08:41,agent022,10
2020-04-08 13:16:43,agent148,10
2020-07-31 08:03:03,agent077,7
2019-12-20 04:52:51,agent290,8
2019-05-10 08:04:50,agent117,8
2019-03-29 18:15:49,agent181,7
2020-05-29 19:32:26,agent208,8
2019-10-24 17:30:27,agent188,10
2020-03-26 01:08:50,agent077,9
2020-07-06 07:15:37,agent290,9
2019-11-17 10:35:09,agent208,7
2019-02-26 22:11:08,agent208,10
2019-06-13 10:18:39,agent092,8
2019-07-06 23:23:34,agent032,8
2020-01-24 04:33:43,agent210,9
2019-02-22 06:08:20,agent152,8
2019-04-21 19:24:39,agent155,8
2019-08-24 10:17:11,agent155,8
2019-10-02 20:43:04,agent101,7
2020-03-25 04:59:34,agent045,10
2019-10-07 09:13:46,agent210,8
2019-03-23 17:36:50,agent117,9
2020-02-08 09:45:44,agent298,8
2019-11-30 00:17:30,agent192,10
2019-06-30 20:47:43,agent121,10
2020-01-05 00:12:20,agent192,9
2020-05-29 20:28:34,agent022,8
2020-02-16 00:48:24,agent121,7
2019-03-04 01:38:03,agent077,8
2019-08-18 15:09:10,agent121,8
2019-06-06 18:15:53,agent155,10
2020-04-20 03:58:38,agent219,10
2020-01-25 21:20:43,agent017,9
2020-04-27 07:06:04,agent188,7
2020-04-14 17:55:56,agent142,7
2019-06-29 11:04:21,agent152,9
2020-03-10 12:39:19,agent298,8
2020-01-28 17:56:09,agent152,9
2020-01-18 12:32:05,agent076,9
2019-10-08 22:16:10,agent022,10
2019-06-27 12:18:13,agent119,8
2020-05-23 09:42:13,agent072,7
2019-03-27 13:00:17,agent212,9
2020-02-10 05:36:51,agent155,10
2019-11-25 10:44:04,agent075,10
2019-08-13 23:13:00,agent122,7
2019-11-16 13:02:19,agent188,10
2019-12-12 16:08:28,agent260,7
2019-12-11 19:12:01,agent208,7
2020-07-21 16:55:08,agent026,9
2020-06-19 08:24:15,agent155,9
2019-04-15 06:31:21,agent026,10
2020-03-23 08:21:19,agent188,8
2020-01-09 18:47:22,agent043,9
2020-06-04 06:34:36,agent045,8
2019-07-24 10:23:19,agent017,10
2019-01-19 06:58:20,agent192,8
2020-06-20 22:20:35,agent200,9
2019-12-10 13:51:36,agent228,8
2020-06-23 15:01:36,agent077,10
2019-10-24 16:41:39,agent076,10
2019-11-12 13:07:53,agent122,8
2019-10-02 10:37:29,agent017,8
2019-08-14 15:18:03,agent017,9
2020-07-15 21:54:42,agent142,8
2020-06-29 01:43:09,agent076,9
2019-06-18 22:03:51,agent181,8
2019-05-19 08:36:01,agent119,9
2019-04-23 02:19:35,agent155,8
2019-09-15 08:50:08,agent022,8
2019-06-24 12:45:46,agent105,7
2019-06-16 04:12:45,agent148,7
2019-06-12 07:47:19,agent192,8
2020-08-05 02:53:47,agent076,8
2019-02-27 21:39:27,agent260,10
2019-09-09 21:21:50,agent077,9
2020-03-06 04:23:29,agent020,8
2019-10-14 17:07:31,agent210,8
2019-11-09 22:26:31,agent117,9
2019-05-12 15:34:44,agent031,9
2020-04-16 20:14:32,agent020,9
2019-08-16 10:21:43,agent132,9
2020-04-20 18:48:09,agent142,9
2019-07-06 11:10:57,agent132,10
2019-06-03 17:23:32,agent075,8
2019-04-24 23:21:39,agent210,9
2020-01-16 04:15:54,agent260,7
2019-06-13 02:51:44,agent181,7
2019-01-15 14:03:14,agent152,10
2020-04-08 13:39:31,agent212,10
2019-02-13 04:05:22,agent077,9
2020-06-05 00:19:12,agent075,9
2019-09-23 21:41:56,agent142,9
2020-06-17 16:56:57,agent298,10
2019-12-03 01:32:53,agent097,9
2019-11-26 02:28:02,agent020,7
2020-02-12 10:14:06,agent210,9
2020-01-28 10:23:04,agent132,10
2019-05-11 12:54:01,agent026,7
2019-05-26 12:13:37,agent122,8
2019-01-16 08:09:14,agent072,10
2019-11-25 06:31:46,agent022,9
2019-08-01 11:17:16,agent260,10
2019-04-16 08:39:51,agent020,9
2020-07-28 12:31:25,agent020,9
2019-09-07 05:38:29,agent188,10
2019-04-28 20:46:12,agent072,7
2019-01-22 08:28:20,agent200,10
2020-01-25 09:19:59,agent219,9
2020-07-07 18:05:04,agent148,9
2019-07-31 09:46:48,agent119,10
2020-01-02 02:58:22,agent122,8
2019-03-27 10:53:04,agent155,10
2020-04-18 22:08:31,agent121,9
2019-01-08 04:01:28,agent022,7
2019-03-24 12:13:24,agent045,8
2020-08-10 05:23:01,agent122,9
2020-01-10 12:29:44,agent122,7
2019-12-11 07:33:48,agent105,7
2020-02-28 17:23:27,agent152,7
2019-06-26 18:08:26,agent105,10
2020-02-23 09:20:18,agent188,9
2019-07-02 10:46:01,agent152,9
2019-01-27 05:19:03,agent077,10
2020-08-01 15:30:34,agent121,10
2019-07-16 05:21:53,agent122,10
2019-05-17 14:23:19,agent119,10
2019-08-07 08:38:43,agent077,7
2019-07-10 21:17:17,agent152,10
2019-01-11 18:39:37,agent152,10
2019-06-02 17:07:21,agent094,10
2020-07-14 17:11:34,agent043,8
2019-09-04 23:05:55,agent121,10
2019-04-09 04:57:44,agent026,10
2020-08-01 03:43:56,agent152,8
2019-03-20 13:13:41,agent101,7
2020-01-05 02:01:19,agent075,8
2020-05-17 09:24:07,agent094,10
2019-10-16 23:22:35,agent097,8
2020-04-17 10:53:34,agent122,10
2020-02-20 03:43:17,agent152,9
2019-01-09 10:58:57,agent142,10
2019-09-10 17:05:48,agent076,7
2020-04-26 17:54:23,agent031,9
2019-10-21 19:20:14,agent072,7
2019-07-04 11:38:40,agent208,10
2019-12-17 23:46:11,agent122,9
2019-10-06 14:48:38,agent075,8
2019-04-07 08:26:05,agent132,8
2020-03-07 13:02:22,agent210,7
2019-04-24 17:02:15,agent119,9
2019-11-04 18:19:02,agent017,8
2020-02-05 05:53:57,agent122,7
2019-06-19 17:54:49,agent045,8
2019-01-21 22:18:32,agent076,7
2020-03-01 23:31:52,agent043,7
2019-06-06 22:05:53,agent208,9
2019-11-14 20:36:47,agent260,10
2019-04-17 16:46:23,agent122,9
2019-06-18 02:48:59,agent219,9
2020-08-04 14:43:20,agent121,10
2019-06-15 14:06:28,agent032,8
2020-05-03 14:05:41,agent092,10
2019-12-24 17:28:09,agent122,8
2019-11-01 21:57:05,agent105,7
2019-12-15 06:00:53,agent017,9
2019-01-16 21:15:19,agent105,9
2020-03-30 14:10:00,agent228,10
2019-06-22 19:04:00,agent020,8
2019-01-30 09:53:59,agent212,9
2019-11-13 04:00:40,agent298,8
2020-02-12 08:36:21,agent075,7
2020-04-07 05:16:07,agent212,8
2019-08-15 17:27:31,agent181,9
2019-01-30 22:47:32,agent210,8
2020-07-11 04:07:07,agent077,10
2019-08-18 22:24:42,agent188,8
2019-08-13 03:36:59,agent210,7
2019-02-23 21:22:20,agent219,8
2019-07-04 12:22:06,agent228,9
2020-03-02 18:45:32,agent043,10
2020-01-26 08:39:07,agent026,10
2020-07-17 13:09:52,agent022,8
2019-07-11 09:42:41,agent101,9
2019-09-08 15:31:11,agent097,8
2019-07-24 12:29:43,agent228,9
2019-03-24 09:05:19,agent032,7
2020-08-14 07:17:30,agent212,8
2020-02-02 06:06:23,agent020,10
2019-04-02 06:25:08,agent132,9
2020-06-07 01:28:40,agent200,10
2019-12-16 21:01:37,agent260,7
2019-06-03 07:05:13,agent031,7
2019-07-29 12:06:56,agent148,9
2019-07-27 06:11:29,agent119,10
2020-07-09 06:14:14,agent188,7
2019-01-30 03:37:39,agent207,8
2019-04-23 03:26:32,agent121,10
2020-06-17 13:11:45,agent072,10
2020-03-01 00:01:10,agent210,10
2019-07-17 11:14:29,agent260,7
2019-01-31 12:32:43,agent031,9
2019-06-03 04:35:53,agent026,8
2019-11-25 09:26:08,agent148,8
2020-03-05 18:10:28,agent132,9
2019-04-21 22:07:07,agent026,10
2020-05-05 11:07:46,agent105,7
2019-01-27 21:50:58,agent298,7
2020-06-09 15:02:54,agent097,10
2019-05-02 11:27:26,agent075,10
2019-10-01 14:43:37,agent142,10
2019-05-01 17:27:01,agent121,7
2020-04-25 11:20:35,agent181,7
2020-02-12 07:12:46,agent031,7
2019-11-04 10:52:00,agent142,8
2020-01-22 01:01:29,agent152,7
2019-05-05 18:21:50,agent045,8
2019-12-02 15:41:24,agent121,10
2019-11-06 15:34:53,agent207,10
2019-12-30 15:12:08,agent290,8
2019-08-17 01:35:02,agent155,8
2019-05-11 13:20:11,agent155,10
2019-02-21 18:16:41,agent017,9
2019-12-12 14:08:17,agent142,10
2020-06-21 01:12:20,agent122,9
2020-07-30 03:23:01,agent077,9
2019-02-25 14:33:19,agent228,9
2019-04-16 21:28:55,agent022,9
2019-09-12 12:42:52,agent101,8
2020-02-17 14:32:47,agent181,9
2019-11-09 10:52:35,agent022,9
2020-04-15 10:58:06,agent142,7
2020-05-28 06:29:06,agent290,10
2020-03-23 19:09:08,agent200,7
2019-02-24 04:04:15,agent121,8
2020-07-21 07:56:58,agent121,9
2020-07-24 21:40:37,agent077,8
2019-08-19 06:58:35,agent132,9
2019-05-15 04:30:02,agent121,8
2019-03-13 01:28:56,agent228,10
2019-07-16 11:10:45,agent094,9
2020-08-14 21:51:03,agent228,10
2020-08-12 11:15:47,agent200,9
2019-10-11 21:43:35,agent192,8
2020-07-17 16:10:53,agent075,8
2019-08-10 23:14:06,agent207,10
2019-09-09 22:11:42,agent192,10
2019-06-02 13:56:59,agent200,7
2019-10-14 08:26:30,agent290,9
2020-02-09 21:43:38,agent207,7
2019-09-13 06:28:06,agent077,9
2020-05-31 02:16:35,agent155,8
2019-11-29 07:02:52,agent122,8
2020-08-12 11:22:10,agent122,9
2019-05-13 10:43:41,agent122,7
2019-04-08 10:14:56,agent298,7
2019-06-13 04:31:33,agent092,8
2020-01-22 00:49:26,agent200,9
2019-11-30 23:09:14,agent298,7
2019-03-09 23:50:33,agent200,8
2019-11-13 05:43:07,agent148,9
2019-05-28 11:04:47,agent122,8
2019-02-13 10:24:12,agent032,9
2020-05-18 18:48:29,agent077,10
2019-09-04 23:24:06,agent212,9
2019-01-21 20:01:43,agent155,8
2019-11-19 05:39:55,agent072,8
2020-04-11 19:26:02,agent105,10
2020-03-11 16:25:35,agent142,8
2020-04-18 19:10:24,agent142,9
2019-09-16 05:50:20,agent022,7
2020-03-13 10:37:38,agent022,10
2020-05-21 06:10:19,agent105,10
2020-05-26 23:06:04,agent121,8
2020-04-20 14:56:31,agent017,8
2019-02-17 20:22:50,agent212,7
2020-06-30 02:34:34,agent121,7
2019-10-25 00:21:35,agent076,10
2019-01-05 19:12:06,agent188,9
2019-12-11 03:08:05,agent119,9
2019-03-20 04:46:13,agent119,9
2020-03-18 17:45:16,agent077,7
2019-04-23 22:06:09,agent142,10
2020-07-24 07:28:05,agent181,10
2020-05-15 14:24:19,agent075,10
2019-07-13 22:56:39,agent207,10
2020-04-12 10:05:24,agent119,7
2019-03-21 00:59:31,agent043,8
2019-06-13 19:40:04,agent132,9
2019-05-02 12:02:33,agent192,9
2019-12-19 09:30:58,agent142,9
2020-02-18 10:50:37,agent031,9
2020-01-15 04:53:09,agent219,7
2019-08-26 12:14:07,agent142,9
2019-06-24 08:50:20,agent228,9
2019-05-07 03:53:11,agent290,8
2019-07-16 01:32:59,agent121,7
2019-11-28 12:23:17,agent094,10
2019-02-18 01:19:07,agent192,7
2019-08-11 02:41:39,agent122,9
2020-08-07 03:39:57,agent122,10
2019-06-28 12:18:23,agent207,7
2020-07-03 10:30:22,agent097,9
2019-03-06 18:56:09,agent192,8
2019-05-14 03:01:37,agent207,7
2019-11-19 06:29:04,agent148,9
2019-04-04 10:41:34,agent298,7
2019-11-22 23:32:09,agent142,7
2019-09-19 21:09:34,agent219,7
2020-05-10 07:34:50,agent212,7
2020-07-18 13:11:53,agent031,7
2019-04-18 03:22:45,agent219,8
2020-01-27 15:56:33,agent075,7
2020-04-06 07:52:59,agent228,8
2020-05-04 07:44:52,agent155,10
2019-07-13 00:00:43,agent152,8
2020-02-26 09:05:29,agent122,9
2019-12-10 11:08:43,agent072,10
2020-03-01 19:10:48,agent122,10
2019-07-17 23:58:34,agent097,10
2020-01-21 17:27:48,agent122,9
2020-02-06 02:30:43,agent208,7
2020-07-23 19:49:25,agent290,10
2019-08-08 00:30:45,agent155,7
2019-11-29 12:10:43,agent298,7
2019-08-25 04:51:13,agent132,8
2019-09-19 02:21:23,agent022,7
2019-02-10 13:58:32,agent212,7
2019-05-23 12:36:12,agent142,7
2019-04-03 07:24:21,agent094,10
2020-01-14 15:24:07,agent097,9
2019-01-30 00:21:45,agent122,7
2019-11-10 12:44:29,agent092,8
2019-10-23 20:02:32,agent181,7
2019-09-05 01:05:52,agent132,10
2019-09-03 01:53:55,agent022,7
2019-04-10 12:25:02,agent043,7
2019-09-29 18:36:58,agent097,8
2019-04-09 21:58:27,agent117,8
2019-12-14 02:24:52,agent026,7
2020-02-09 13:11:47,agent122,10
2019-07-25 10:25:05,agent260,9
2019-11-13 10:31:36,agent207,8
2019-05-27 10:00:10,agent219,7
2019-02-28 11:28:17,agent097,7
2019-07-30 14:17:15,agent020,10
2019-06-26 08:16:10,agent210,9
2020-04-14 22:55:31,agent142,7
2019-12-13 12:42:05,agent192,8
2019-07-09 19:46:14,agent121,7
2020-01-26 08:53:48,agent142,9
2020-04-21 08:32:49,agent210,10
2019-05-25 12:53:32,agent155,10
2019-10-20 02:40:34,agent142,8
2019-03-28 03:28:33,agent076,10
2019-11-25 13:02:56,agent148,10
2020-07-18 21:30:32,agent122,8
2019-01-05 20:24:54,agent155,7
2019-03-17 00:52:34,agent122,10
2019-03-23 00:24:54,agent142,9
2019-10-06 20:18:28,agent092,10
2019-12-20 19:07:34,agent072,9
2019-10-19 13:42:44,agent076,8
2019-07-28 00:10:19,agent022,8
2020-06-09 20:35:39,agent022,7
2020-04-03 18:47:51,agent092,8
2019-07-04 14:40:16,agent121,7
2020-04-26 02:33:16,agent188,9
2019-05-23 19:21:38,agent192,7
2019-03-30 07:50:57,agent122,7
2019-04-12 07:25:36,agent148,8
2020-05-18 20:37:31,agent148,9
2019-09-11 11:49:43,agent101,9
2020-02-02 03:31:20,agent142,10
2019-11-17 01:51:46,agent101,9
2019-09-21 09:02:58,agent188,8
2019-11-23 19:27:50,agent077,7
2020-03-02 21:34:14,agent032,10
2019-03-18 02:49:53,agent142,9
2020-04-21 17:12:06,agent075,7
2020-08-08 12:10:06,agent122,10
2019-08-25 02:36:42,agent208,10
2020-08-06 01:41:05,agent031,7
2019-09-04 11:57:39,agent155,7
2020-04-17 14:45:20,agent031,10
2019-09-01 02:33:43,agent122,7
2020-08-02 22:34:52,agent210,8
2020-06-23 03:53:30,agent022,7
2019-05-01 09:56:32,agent072,7
2019-04-24 15:35:26,agent045,10
2019-11-14 19:36:28,agent142,7
2019-09-16 13:54:31,agent260,10
2019-01-09 13:33:10,agent121,7
2019-02-01 16:42:31,agent260,9
2019-03-26 13:24:29,agent148,10
2019-12-17 13:07:48,agent298,9
2020-06-17 21:55:39,agent117,7
2019-08-05 07:50:20,agent045,9
2019-10-20 01:44:18,agent097,7
2019-10-12 23:04:45,agent031,8
2020-07-16 23:27:17,agent121,10
2019-02-08 12:44:30,agent122,9
2019-11-23 07:11:41,agent022,10
2020-03-07 05:21:33,agent200,10
2019-06-06 03:27:01,agent077,8
2019-05-20 08:07:15,agent122,10
2019-04-17 01:28:39,agent020,7
2020-04-29 22:50:37,agent132,9
2019-01-01 13:37:00,agent105,9
2019-10-10 16:02:58,agent043,7
2019-10-15 05:51:48,agent290,9
2020-03-28 08:18:45,agent105,8
2020-01-23 20:55:25,agent076,10
2019-12-14 16:21:50,agent020,8
2019-01-23 22:32:11,agent097,7
2020-07-13 05:32:48,agent032,8
2019-08-30 10:48:56,agent022,7
2020-02-03 09:34:11,agent122,8
2019-12-05 23:24:59,agent188,7
2019-07-11 04:24:12,agent142,8
2019-12-07 05:35:48,agent105,9
2019-12-01 00:54:37,agent022,10
2020-03-14 14:46:28,agent017,10
2020-06-06 22:04:45,agent148,9
2020-06-20 21:06:58,agent188,8
2019-02-23 18:11:56,agent298,9
2019-08-04 19:22:17,agent207,8
2019-07-17 05:14:13,agent105,8
2019-04-09 10:42:00,agent072,8
2019-04-05 04:25:43,agent142,8
2019-03-07 23:08:27,agent152,8
2019-01-11 16:14:09,agent188,8
2019-10-12 05:42:12,agent207,10
2020-01-02 10:09:09,agent043,10
2020-01-04 16:28:06,agent200,9
2020-03-05 12:45:48,agent097,8
2019-09-09 00:41:19,agent094,8
2020-01-31 03:08:48,agent152,9
2019-03-21 21:47:44,agent077,7
2020-06-10 14:18:25,agent075,8
2019-10-21 10:22:25,agent200,7
2020-02-24 16:33:18,agent076,9
2020-01-04 21:31:47,agent076,8
2020-01-22 13:03:48,agent219,10
2020-06-20 01:21:07,agent121,8
2019-09-16 21:45:12,agent119,8
2019-01-17 09:15:37,agent200,10
2020-07-04 01:45:11,agent192,8
2019-11-01 02:04:01,agent119,7
2019-08-09 00:33:03,agent072,9
2019-10-05 19:07:05,agent142,8
2020-04-10 03:32:45,agent152,10
2019-03-11 05:59:09,agent152,7
2019-03-19 14:39:16,agent121,7
2019-03-04 23:20:20,agent152,8
2019-05-24 01:32:58,agent122,7
2019-05-09 16:50:00,agent022,10
2019-12-11 14:46:01,agent105,8
2019-06-04 17:38:27,agent210,9
2020-04-01 06:10:28,agent122,10
2019-11-06 00:03:47,agent260,9
2019-01-10 20:18:10,agent117,8
2019-03-12 05:35:14,agent188,9
2019-06-01 08:45:44,agent142,7
2020-06-01 19:25:30,agent092,9
2019-02-21 05:26:54,agent045,8
2020-05-01 15:06:30,agent022,7
2019-10-31 21:46:08,agent210,7
2019-10-06 09:50:45,agent260,10
2020-04-23 23:37:57,agent142,9
2020-08-03 23:12:52,agent092,9
2020-03-08 22:48:39,agent210,7
2020-07-18 09:24:24,agent092,9
2020-03-03 21:58:14,agent207,9
2020-08-04 22:13:34,agent076,8
2020-07-10 05:42:04,agent097,8
2019-04-09 01:18:52,agent022,7
2019-10-15 10:00:42,agent101,7
2020-06-12 23:58:23,agent148,8
2019-09-04 16:11:31,agent076,10
2019-04-27 07:05:54,agent022,8
2019-02-03 22:18:52,agent094,8
2020-06-24 09:10:52,agent022,10
2020-04-10 17:52:24,agent119,8
2019-07-08 09:26:33,agent155,8
2020-04-25 08:30:54,agent212,10
2019-08-25 09:12:51,agent031,10
2019-11-24 08:49:11,agent148,7
2019-07-20 14:13:27,agent212,10
2019-06-14 11:03:00,agent045,7
2020-04-27 19:06:33,agent092,9
2020-07-21 11:02:18,agent094,10
2019-09-17 15:35:59,agent152,10
2019-08-07 04:10:51,agent045,9
2019-08-10 10:42:38,agent212,9
2019-02-17 05:08:15,agent155,8
